[{"model": "contenttypes.contenttype", "pk": 1, "fields": {"app_label": "admin", "model": "logentry"}}, {"model": "contenttypes.contenttype", "pk": 2, "fields": {"app_label": "auth", "model": "user"}}, {"model": "contenttypes.contenttype", "pk": 3, "fields": {"app_label": "auth", "model": "permission"}}, {"model": "contenttypes.contenttype", "pk": 4, "fields": {"app_label": "auth", "model": "group"}}, {"model": "contenttypes.contenttype", "pk": 5, "fields": {"app_label": "contenttypes", "model": "contenttype"}}, {"model": "contenttypes.contenttype", "pk": 6, "fields": {"app_label": "sessions", "model": "session"}}, {"model": "contenttypes.contenttype", "pk": 7, "fields": {"app_label": "myapp", "model": "product"}}, {"model": "contenttypes.contenttype", "pk": 8, "fields": {"app_label": "myapp", "model": "category"}}, {"model": "contenttypes.contenttype", "pk": 9, "fields": {"app_label": "myapp", "model": "client"}}, {"model": "contenttypes.contenttype", "pk": 10, "fields": {"app_label": "myapp", "model": "order"}}, {"model": "sessions.session", "pk": "36x6jasksrhxqnfs4rdwmd86m1bu03gu", "fields": {"session_data": "NDc1ZTg2ZjE1MjcxMTdlMGY0N2ViN2EzODA3NGY5Y2M1MGE4NGRkMzp7Il9hdXRoX3VzZXJfaWQiOiIyIiwiX2F1dGhfdXNlcl9iYWNrZW5kIjoiZGphbmdvLmNvbnRyaWIuYXV0aC5iYWNrZW5kcy5Nb2RlbEJhY2tlbmQiLCJfYXV0aF91c2VyX2hhc2giOiJkMDgwZDk4N2I2OTkxODhmZGNjYTk3MTgxYzVjNTdkZDY1YzdhNDc5In0=", "expire_date": "2019-06-21T23:32:50.959Z"}}, {"model": "sessions.session", "pk": "6liunyx1hs49xc4h2b1je1v3bxcv8nw0", "fields": {"session_data": "NDc1ZTg2ZjE1MjcxMTdlMGY0N2ViN2EzODA3NGY5Y2M1MGE4NGRkMzp7Il9hdXRoX3VzZXJfaWQiOiIyIiwiX2F1dGhfdXNlcl9iYWNrZW5kIjoiZGphbmdvLmNvbnRyaWIuYXV0aC5iYWNrZW5kcy5Nb2RlbEJhY2tlbmQiLCJfYXV0aF91c2VyX2hhc2giOiJkMDgwZDk4N2I2OTkxODhmZGNjYTk3MTgxYzVjNTdkZDY1YzdhNDc5In0=", "expire_date": "2019-05-30T20:37:23.057Z"}}, {"model": "sessions.session", "pk": "6n30pkppzy6cssfcrh73zld9zxaciq30", "fields": {"session_data": "YmM5MmY0NTY4MGM1MzFlMmUyODY4YWVlMGI1ODM5OTNjMjk4NDM4MTp7fQ==", "expire_date": "2019-07-15T08:46:45.022Z"}}, {"model": "sessions.session", "pk": "71bjce94hmnf26vie3x59zys7d6gzfpt", "fields": {"session_data": "NDc1ZTg2ZjE1MjcxMTdlMGY0N2ViN2EzODA3NGY5Y2M1MGE4NGRkMzp7Il9hdXRoX3VzZXJfaWQiOiIyIiwiX2F1dGhfdXNlcl9iYWNrZW5kIjoiZGphbmdvLmNvbnRyaWIuYXV0aC5iYWNrZW5kcy5Nb2RlbEJhY2tlbmQiLCJfYXV0aF91c2VyX2hhc2giOiJkMDgwZDk4N2I2OTkxODhmZGNjYTk3MTgxYzVjNTdkZDY1YzdhNDc5In0=", "expire_date": "2019-06-02T20:54:23.836Z"}}, {"model": "sessions.session", "pk": "8uawmpx6o273sf5mvyej1hxwndac2cwr", "fields": {"session_data": "NzMyMzlhYmJjNjdhMTdlNTdjODI2OGE3YzkyNjczNDcxYTc4Y2ZkMDp7Il9hdXRoX3VzZXJfaWQiOiIyIiwiX2F1dGhfdXNlcl9oYXNoIjoiZDA4MGQ5ODdiNjk5MTg4ZmRjY2E5NzE4MWM1YzU3ZGQ2NWM3YTQ3OSIsInVzZXJuYW1lIjoic2hvYmhpdHNheGVuYSIsIl9zZXNzaW9uX2V4cGlyeSI6MzYwMCwiX2F1dGhfdXNlcl9iYWNrZW5kIjoiZGphbmdvLmNvbnRyaWIuYXV0aC5iYWNrZW5kcy5Nb2RlbEJhY2tlbmQiLCJsYXN0X2xvZ2luX3RpbWUiOiIyMDE5LTA2LTE5IDEzOjQ3OjI0LjgxMTEwMSJ9", "expire_date": "2019-06-19T14:47:24.811Z"}}, {"model": "sessions.session", "pk": "ab1zq696d38limto050s2ht0607dmi38", "fields": {"session_data": "YmM5MmY0NTY4MGM1MzFlMmUyODY4YWVlMGI1ODM5OTNjMjk4NDM4MTp7fQ==", "expire_date": "2019-07-02T20:19:26.988Z"}}, {"model": "sessions.session", "pk": "cnse8uwrzewpz9sjvkou4efrtz0q2mdr", "fields": {"session_data": "NDc1ZTg2ZjE1MjcxMTdlMGY0N2ViN2EzODA3NGY5Y2M1MGE4NGRkMzp7Il9hdXRoX3VzZXJfaWQiOiIyIiwiX2F1dGhfdXNlcl9iYWNrZW5kIjoiZGphbmdvLmNvbnRyaWIuYXV0aC5iYWNrZW5kcy5Nb2RlbEJhY2tlbmQiLCJfYXV0aF91c2VyX2hhc2giOiJkMDgwZDk4N2I2OTkxODhmZGNjYTk3MTgxYzVjNTdkZDY1YzdhNDc5In0=", "expire_date": "2019-07-15T07:20:57.416Z"}}, {"model": "sessions.session", "pk": "f0zqmw1dx9jz3mj42eme5ccssff1j9d7", "fields": {"session_data": "YmM5MmY0NTY4MGM1MzFlMmUyODY4YWVlMGI1ODM5OTNjMjk4NDM4MTp7fQ==", "expire_date": "2019-07-06T06:03:17.239Z"}}, {"model": "sessions.session", "pk": "hpxtj2ur8j9ohrwnfuyqvalpprwsjckv", "fields": {"session_data": "YzczYTQyNzYyNzMwMzYzMjZmYjNhMTJjMTg4ODM2MGVkOWVlZGVmZjp7Il9hdXRoX3VzZXJfYmFja2VuZCI6ImRqYW5nby5jb250cmliLmF1dGguYmFja2VuZHMuTW9kZWxCYWNrZW5kIiwiX2F1dGhfdXNlcl9oYXNoIjoiZDA4MGQ5ODdiNjk5MTg4ZmRjY2E5NzE4MWM1YzU3ZGQ2NWM3YTQ3OSIsIl9hdXRoX3VzZXJfaWQiOiIyIn0=", "expire_date": "2019-07-15T07:01:04.550Z"}}, {"model": "sessions.session", "pk": "lhlmrbb7pjrws9zn2zt5l3z7q0b0di3v", "fields": {"session_data": "YmM5MmY0NTY4MGM1MzFlMmUyODY4YWVlMGI1ODM5OTNjMjk4NDM4MTp7fQ==", "expire_date": "2019-07-06T06:08:59.026Z"}}, {"model": "sessions.session", "pk": "n91etzkr05pmdvnbla50ba5sxtfdogli", "fields": {"session_data": "YmM5MmY0NTY4MGM1MzFlMmUyODY4YWVlMGI1ODM5OTNjMjk4NDM4MTp7fQ==", "expire_date": "2019-07-04T00:41:03.729Z"}}, {"model": "sessions.session", "pk": "u4rmp23ddvahnhrl60bieoefuaxv5x2s", "fields": {"session_data": "YmM5MmY0NTY4MGM1MzFlMmUyODY4YWVlMGI1ODM5OTNjMjk4NDM4MTp7fQ==", "expire_date": "2019-07-06T06:09:04.312Z"}}, {"model": "sessions.session", "pk": "u5b4f4wtc9txrb7q284huvz4d6fw2cqc", "fields": {"session_data": "YmM5MmY0NTY4MGM1MzFlMmUyODY4YWVlMGI1ODM5OTNjMjk4NDM4MTp7fQ==", "expire_date": "2019-07-06T06:07:32.212Z"}}, {"model": "sessions.session", "pk": "um3owchy811zn3bxoiysdtjel7o3anmx", "fields": {"session_data": "YmM5MmY0NTY4MGM1MzFlMmUyODY4YWVlMGI1ODM5OTNjMjk4NDM4MTp7fQ==", "expire_date": "2019-07-04T00:00:28.449Z"}}, {"model": "sessions.session", "pk": "xfmhrqnn9przyowpy6nkvfrb609ufhgn", "fields": {"session_data": "NDc1ZTg2ZjE1MjcxMTdlMGY0N2ViN2EzODA3NGY5Y2M1MGE4NGRkMzp7Il9hdXRoX3VzZXJfaWQiOiIyIiwiX2F1dGhfdXNlcl9iYWNrZW5kIjoiZGphbmdvLmNvbnRyaWIuYXV0aC5iYWNrZW5kcy5Nb2RlbEJhY2tlbmQiLCJfYXV0aF91c2VyX2hhc2giOiJkMDgwZDk4N2I2OTkxODhmZGNjYTk3MTgxYzVjNTdkZDY1YzdhNDc5In0=", "expire_date": "2019-07-06T06:33:11.793Z"}}, {"model": "sessions.session", "pk": "yzw7u3zvfe4seuycnwfhqi2d6ag3asa2", "fields": {"session_data": "YmM5MmY0NTY4MGM1MzFlMmUyODY4YWVlMGI1ODM5OTNjMjk4NDM4MTp7fQ==", "expire_date": "2019-07-03T23:56:16.811Z"}}, {"model": "sessions.session", "pk": "zo4evftntrqumdzr429ayqlw8gslmxfh", "fields": {"session_data": "YmM5MmY0NTY4MGM1MzFlMmUyODY4YWVlMGI1ODM5OTNjMjk4NDM4MTp7fQ==", "expire_date": "2019-07-03T13:33:28.459Z"}}, {"model": "myapp.category", "pk": 1, "fields": {"name": "Furniture", "warehouse": "Windsor"}}, {"model": "myapp.category", "pk": 2, "fields": {"name": "Appliances", "warehouse": "Windsor"}}, {"model": "myapp.category", "pk": 3, "fields": {"name": "Electronics", "warehouse": "London"}}, {"model": "myapp.category", "pk": 4, "fields": {"name": "Home Decor", "warehouse": "Waterloo"}}, {"model": "myapp.category", "pk": 5, "fields": {"name": "Flooring", "warehouse": "London"}}, {"model": "myapp.product", "pk": 1, "fields": {"category": 4, "name": "Clock", "price": "99.99", "stock": 38, "available": true, "description": "", "interested": 8}}, {"model": "myapp.product", "pk": 2, "fields": {"category": 4, "name": "Vase", "price": "82.54", "stock": 2, "available": true, "description": "", "interested": 0}}, {"model": "myapp.product", "pk": 3, "fields": {"category": 4, "name": "Painting", "price": "135.80", "stock": 80, "available": true, "description": "", "interested": 0}}, {"model": "myapp.product", "pk": 4, "fields": {"category": 4, "name": "Lamp", "price": "59.99", "stock": 100, "available": true, "description": "", "interested": 2}}, {"model": "myapp.product", "pk": 5, "fields": {"category": 3, "name": "Tablet", "price": "299.99", "stock": 0, "available": false, "description": "", "interested": 0}}, {"model": "myapp.product", "pk": 6, "fields": {"category": 3, "name": "Laptop", "price": "975.50", "stock": 85, "available": true, "description": "", "interested": 0}}, {"model": "myapp.product", "pk": 7, "fields": {"category": 3, "name": "TV", "price": "3500.00", "stock": 20, "available": true, "description": "", "interested": 0}}, {"model": "myapp.product", "pk": 8, "fields": {"category": 1, "name": "Table", "price": "599.99", "stock": 120, "available": true, "description": "", "interested": 0}}, {"model": "myapp.product", "pk": 9, "fields": {"category": 1, "name": "Dresser", "price": "360.85", "stock": 150, "available": true, "description": "", "interested": 0}}, {"model": "myapp.product", "pk": 10, "fields": {"category": 1, "name": "Bed", "price": "1225.25", "stock": 0, "available": false, "description": "", "interested": 0}}, {"model": "myapp.product", "pk": 11, "fields": {"category": 1, "name": "Sofa", "price": "1500.95", "stock": 175, "available": true, "description": "", "interested": 0}}, {"model": "myapp.product", "pk": 12, "fields": {"category": 2, "name": "Dryer", "price": "775.00", "stock": 0, "available": false, "description": "", "interested": 0}}, {"model": "myapp.product", "pk": 13, "fields": {"category": 2, "name": "Washer", "price": "885.75", "stock": 48, "available": true, "description": "", "interested": 0}}, {"model": "myapp.product", "pk": 14, "fields": {"category": 2, "name": "Stove", "price": "950.50", "stock": 50, "available": true, "description": "", "interested": 0}}, {"model": "myapp.product", "pk": 15, "fields": {"category": 5, "name": "Tiles", "price": "110.65", "stock": 150, "available": true, "description": "", "interested": 0}}, {"model": "myapp.product", "pk": 16, "fields": {"category": 5, "name": "Carpet", "price": "82.50", "stock": 56, "available": true, "description": "", "interested": 0}}, {"model": "auth.permission", "pk": 1, "fields": {"name": "Can add log entry", "content_type": 1, "codename": "add_logentry"}}, {"model": "auth.permission", "pk": 2, "fields": {"name": "Can change log entry", "content_type": 1, "codename": "change_logentry"}}, {"model": "auth.permission", "pk": 3, "fields": {"name": "Can delete log entry", "content_type": 1, "codename": "delete_logentry"}}, {"model": "auth.permission", "pk": 4, "fields": {"name": "Can view log entry", "content_type": 1, "codename": "view_logentry"}}, {"model": "auth.permission", "pk": 5, "fields": {"name": "Can add group", "content_type": 4, "codename": "add_group"}}, {"model": "auth.permission", "pk": 6, "fields": {"name": "Can change group", "content_type": 4, "codename": "change_group"}}, {"model": "auth.permission", "pk": 7, "fields": {"name": "Can delete group", "content_type": 4, "codename": "delete_group"}}, {"model": "auth.permission", "pk": 8, "fields": {"name": "Can view group", "content_type": 4, "codename": "view_group"}}, {"model": "auth.permission", "pk": 9, "fields": {"name": "Can add permission", "content_type": 3, "codename": "add_permission"}}, {"model": "auth.permission", "pk": 10, "fields": {"name": "Can change permission", "content_type": 3, "codename": "change_permission"}}, {"model": "auth.permission", "pk": 11, "fields": {"name": "Can delete permission", "content_type": 3, "codename": "delete_permission"}}, {"model": "auth.permission", "pk": 12, "fields": {"name": "Can view permission", "content_type": 3, "codename": "view_permission"}}, {"model": "auth.permission", "pk": 13, "fields": {"name": "Can add user", "content_type": 2, "codename": "add_user"}}, {"model": "auth.permission", "pk": 14, "fields": {"name": "Can change user", "content_type": 2, "codename": "change_user"}}, {"model": "auth.permission", "pk": 15, "fields": {"name": "Can delete user", "content_type": 2, "codename": "delete_user"}}, {"model": "auth.permission", "pk": 16, "fields": {"name": "Can view user", "content_type": 2, "codename": "view_user"}}, {"model": "auth.permission", "pk": 17, "fields": {"name": "Can add content type", "content_type": 5, "codename": "add_contenttype"}}, {"model": "auth.permission", "pk": 18, "fields": {"name": "Can change content type", "content_type": 5, "codename": "change_contenttype"}}, {"model": "auth.permission", "pk": 19, "fields": {"name": "Can delete content type", "content_type": 5, "codename": "delete_contenttype"}}, {"model": "auth.permission", "pk": 20, "fields": {"name": "Can view content type", "content_type": 5, "codename": "view_contenttype"}}, {"model": "auth.permission", "pk": 21, "fields": {"name": "Can add session", "content_type": 6, "codename": "add_session"}}, {"model": "auth.permission", "pk": 22, "fields": {"name": "Can change session", "content_type": 6, "codename": "change_session"}}, {"model": "auth.permission", "pk": 23, "fields": {"name": "Can delete session", "content_type": 6, "codename": "delete_session"}}, {"model": "auth.permission", "pk": 24, "fields": {"name": "Can view session", "content_type": 6, "codename": "view_session"}}, {"model": "auth.permission", "pk": 25, "fields": {"name": "Can add product", "content_type": 7, "codename": "add_product"}}, {"model": "auth.permission", "pk": 26, "fields": {"name": "Can change product", "content_type": 7, "codename": "change_product"}}, {"model": "auth.permission", "pk": 27, "fields": {"name": "Can delete product", "content_type": 7, "codename": "delete_product"}}, {"model": "auth.permission", "pk": 28, "fields": {"name": "Can view product", "content_type": 7, "codename": "view_product"}}, {"model": "auth.permission", "pk": 29, "fields": {"name": "Can add category", "content_type": 8, "codename": "add_category"}}, {"model": "auth.permission", "pk": 30, "fields": {"name": "Can change category", "content_type": 8, "codename": "change_category"}}, {"model": "auth.permission", "pk": 31, "fields": {"name": "Can delete category", "content_type": 8, "codename": "delete_category"}}, {"model": "auth.permission", "pk": 32, "fields": {"name": "Can view category", "content_type": 8, "codename": "view_category"}}, {"model": "auth.permission", "pk": 33, "fields": {"name": "Can add user", "content_type": 9, "codename": "add_client"}}, {"model": "auth.permission", "pk": 34, "fields": {"name": "Can change user", "content_type": 9, "codename": "change_client"}}, {"model": "auth.permission", "pk": 35, "fields": {"name": "Can delete user", "content_type": 9, "codename": "delete_client"}}, {"model": "auth.permission", "pk": 36, "fields": {"name": "Can view user", "content_type": 9, "codename": "view_client"}}, {"model": "auth.permission", "pk": 37, "fields": {"name": "Can add order", "content_type": 10, "codename": "add_order"}}, {"model": "auth.permission", "pk": 38, "fields": {"name": "Can change order", "content_type": 10, "codename": "change_order"}}, {"model": "auth.permission", "pk": 39, "fields": {"name": "Can delete order", "content_type": 10, "codename": "delete_order"}}, {"model": "auth.permission", "pk": 40, "fields": {"name": "Can view order", "content_type": 10, "codename": "view_order"}}, {"model": "auth.user", "pk": 1, "fields": {"password": "pbkdf2_sha256$150000$lSkP3OGG7ZAG$4d3QYoi+8DBIju8DmFKKifzIy7xePygF/YuRDAPG/b0=", "last_login": null, "is_superuser": true, "username": "jalaj", "first_name": "", "last_name": "", "email": "khannaj@uwindsor.ca", "is_staff": true, "is_active": true, "date_joined": "2019-05-12T19:05:26.343Z", "groups": [], "user_permissions": []}}, {"model": "auth.user", "pk": 2, "fields": {"password": "pbkdf2_sha256$150000$NWP03qOINqdX$6wHt+0hZtrVVRwks6UlFvQMKUhkALStqFqEnINpM86k=", "last_login": "2019-07-01T07:20:57.408Z", "is_superuser": true, "username": "shobhitsaxena", "first_name": "", "last_name": "", "email": "shobhit.2094@gmail.com", "is_staff": true, "is_active": true, "date_joined": "2019-05-16T20:37:09.344Z", "groups": [], "user_permissions": []}}, {"model": "auth.user", "pk": 3, "fields": {"password": "john", "last_login": null, "is_superuser": false, "username": "john", "first_name": "John", "last_name": "Smith", "email": "johnsmith@yopmail.com", "is_staff": false, "is_active": true, "date_joined": "2019-05-16T20:40:26Z", "groups": [], "user_permissions": []}}, {"model": "auth.user", "pk": 4, "fields": {"password": "mary", "last_login": null, "is_superuser": false, "username": "mary", "first_name": "Mary", "last_name": "Hall", "email": "maryhall@yopmail.com", "is_staff": false, "is_active": true, "date_joined": "2019-05-16T20:43:52Z", "groups": [], "user_permissions": []}}, {"model": "auth.user", "pk": 5, "fields": {"password": "alan", "last_login": null, "is_superuser": false, "username": "alan", "first_name": "Alan", "last_name": "Jones", "email": "alanjones@yopmail.com", "is_staff": false, "is_active": true, "date_joined": "2019-05-16T20:45:08Z", "groups": [], "user_permissions": []}}, {"model": "auth.user", "pk": 6, "fields": {"password": "josh", "last_login": null, "is_superuser": false, "username": "josh", "first_name": "Josh", "last_name": "Jones", "email": "joshjones@yopmail.com", "is_staff": false, "is_active": true, "date_joined": "2019-05-16T20:46:27Z", "groups": [], "user_permissions": []}}, {"model": "auth.user", "pk": 7, "fields": {"password": "pbkdf2_sha256$150000$5jSb7HAG22f0$0i6Ft1AFX0y5CfO5P3txdl7ElgekkkVFSAWpAt/0xMY=", "last_login": "2019-06-18T20:23:35Z", "is_superuser": false, "username": "bill", "first_name": "Bill", "last_name": "Wang", "email": "billwang@yopmail.com", "is_staff": false, "is_active": true, "date_joined": "2019-05-16T20:47:52Z", "groups": [], "user_permissions": []}}, {"model": "auth.user", "pk": 8, "fields": {"password": "Hi123", "last_login": null, "is_superuser": false, "username": "hello", "first_name": "", "last_name": "", "email": "testingemail@gmail.com", "is_staff": false, "is_active": true, "date_joined": "2019-06-19T23:56:16.794Z", "groups": [], "user_permissions": []}}, {"model": "auth.user", "pk": 9, "fields": {"password": "Bhuvan098", "last_login": "2019-06-19T23:59:30.341Z", "is_superuser": false, "username": "Bhuvan", "first_name": "", "last_name": "", "email": "testing@gmail.com", "is_staff": false, "is_active": true, "date_joined": "2019-06-19T23:59:30.317Z", "groups": [], "user_permissions": []}}, {"model": "auth.user", "pk": 10, "fields": {"password": "Bhuvan098", "last_login": null, "is_superuser": false, "username": "Bhuvan2", "first_name": "", "last_name": "", "email": "test@gmail.com", "is_staff": false, "is_active": true, "date_joined": "2019-06-20T00:00:28.434Z", "groups": [], "user_permissions": []}}, {"model": "auth.user", "pk": 11, "fields": {"password": "Bhuvan098", "last_login": null, "is_superuser": false, "username": "Bhuvan3", "first_name": "", "last_name": "", "email": "test@gmail.com", "is_staff": false, "is_active": true, "date_joined": "2019-06-20T00:01:04.199Z", "groups": [], "user_permissions": []}}, {"model": "auth.user", "pk": 12, "fields": {"password": "Bhuvan098", "last_login": null, "is_superuser": false, "username": "Bhuvan4", "first_name": "", "last_name": "", "email": "test2@gmail.com", "is_staff": false, "is_active": true, "date_joined": "2019-06-20T00:36:13.986Z", "groups": [], "user_permissions": []}}, {"model": "auth.user", "pk": 13, "fields": {"password": "Testing098", "last_login": null, "is_superuser": false, "username": "Bhuvan5", "first_name": "", "last_name": "", "email": "Test3@gmail.com", "is_staff": false, "is_active": true, "date_joined": "2019-06-20T00:38:17.794Z", "groups": [], "user_permissions": []}}, {"model": "auth.user", "pk": 14, "fields": {"password": "Bhuvan098", "last_login": null, "is_superuser": false, "username": "Bhuvan6", "first_name": "", "last_name": "", "email": "Test3@gmail.com", "is_staff": false, "is_active": true, "date_joined": "2019-06-20T00:40:23.916Z", "groups": [], "user_permissions": []}}, {"model": "auth.user", "pk": 15, "fields": {"password": "Testing123", "last_login": null, "is_superuser": false, "username": "Bhuvan7", "first_name": "", "last_name": "", "email": "Test3@gmail.com", "is_staff": false, "is_active": true, "date_joined": "2019-06-20T00:41:03.716Z", "groups": [], "user_permissions": []}}, {"model": "auth.user", "pk": 16, "fields": {"password": "pbkdf2_sha256$150000$OQMwnMh7ItdR$+EOp/a5PwSJEldDUy0IEhPe4aXrTm4PkTL7Za1c9dGk=", "last_login": "2019-06-20T00:50:21.541Z", "is_superuser": false, "username": "BhuvanVij", "first_name": "", "last_name": "", "email": "", "is_staff": false, "is_active": true, "date_joined": "2019-06-20T00:50:21.172Z", "groups": [], "user_permissions": []}}, {"model": "auth.user", "pk": 17, "fields": {"password": "pbkdf2_sha256$150000$tpMbPtrBh6Lr$DOBAcwsmJ8Htv5mXDNsCC+7yO3ouCFHFa6cnlGmngl0=", "last_login": "2019-06-20T01:00:15.537Z", "is_superuser": false, "username": "Testuser", "first_name": "", "last_name": "", "email": "", "is_staff": false, "is_active": true, "date_joined": "2019-06-20T00:50:52.365Z", "groups": [], "user_permissions": []}}, {"model": "auth.user", "pk": 18, "fields": {"password": "pbkdf2_sha256$150000$MyecgxmZQbTM$7te8ghq8p6Jt+4DlL5sR7+pGPSpTBX7Vlz5Mev3mrpc=", "last_login": "2019-06-20T01:02:27.737Z", "is_superuser": false, "username": "Testuser2", "first_name": "", "last_name": "", "email": "", "is_staff": false, "is_active": true, "date_joined": "2019-06-20T01:02:27.369Z", "groups": [], "user_permissions": []}}, {"model": "auth.user", "pk": 19, "fields": {"password": "pbkdf2_sha256$150000$QHg0RoZAsmy3$l0B9BpVXa9XmxtB99AwwZffny4y0LlDwuGjLvkcA+GM=", "last_login": "2019-06-20T01:03:56.951Z", "is_superuser": false, "username": "Testuser3", "first_name": "", "last_name": "", "email": "", "is_staff": false, "is_active": true, "date_joined": "2019-06-20T01:03:56.581Z", "groups": [], "user_permissions": []}}, {"model": "auth.user", "pk": 20, "fields": {"password": "pbkdf2_sha256$150000$Tkl0blTq6XPT$vFeOmXbBE3kKx8uqOVvyo/he4npqjpBlhLsHfRqNh0Q=", "last_login": "2019-06-20T01:06:38.143Z", "is_superuser": false, "username": "Testuser4", "first_name": "", "last_name": "", "email": "", "is_staff": false, "is_active": true, "date_joined": "2019-06-20T01:06:37.774Z", "groups": [], "user_permissions": []}}, {"model": "auth.user", "pk": 21, "fields": {"password": "pbkdf2_sha256$150000$4THmssnxJp6I$y5R0BLrD+h1dcbQrj3qUOoVt+TOxFyM7CtL5ovmWgi8=", "last_login": "2019-07-01T05:15:53.340Z", "is_superuser": false, "username": "zoloabc", "first_name": "Jalaj", "last_name": "Khanna", "email": "zolo@yopmail.com", "is_staff": false, "is_active": true, "date_joined": "2019-07-01T05:15:48.773Z", "groups": [], "user_permissions": []}}, {"model": "auth.user", "pk": 22, "fields": {"password": "pbkdf2_sha256$150000$L4kHWm5ddDsB$swGX0smzGQN8MYx9VuuYUKhHEX06p6g0l4xCFY2eUqQ=", "last_login": "2019-07-01T06:17:57.559Z", "is_superuser": false, "username": "jalajkhanna", "first_name": "jalaj", "last_name": "khanna", "email": "khanna@uwindsor.ca", "is_staff": false, "is_active": true, "date_joined": "2019-07-01T06:17:57.316Z", "groups": [], "user_permissions": []}}, {"model": "auth.user", "pk": 23, "fields": {"password": "pbkdf2_sha256$150000$A6Xh9mZlCiyC$WSwe5Fy8f2lKhX3AYHvL/L5K3SMA73sLjPQxvXn+T1Y=", "last_login": "2019-07-01T06:58:58.462Z", "is_superuser": false, "username": "jknator", "first_name": "jalaj", "last_name": "khanna", "email": "dfsdffdvgfd@uwindsor.ca", "is_staff": false, "is_active": true, "date_joined": "2019-07-01T06:47:57.676Z", "groups": [], "user_permissions": []}}, {"model": "auth.user", "pk": 24, "fields": {"password": "pbkdf2_sha256$150000$wTc9qnv326nb$/hDLq+bV3Ps3UJrxOhSl9ROiDx5HVSIDz8XKxOIyjzg=", "last_login": "2019-07-01T07:00:44.982Z", "is_superuser": false, "username": "pinkman", "first_name": "Jesse", "last_name": "Pinkman", "email": "jp@yolo.com", "is_staff": false, "is_active": true, "date_joined": "2019-07-01T07:00:44.755Z", "groups": [], "user_permissions": []}}, {"model": "auth.user", "pk": 25, "fields": {"password": "pbkdf2_sha256$150000$0rHocKOJ7IKM$HmehP0dEOtMf5KV4mRJR8CxG2UQV85FamdMDnzgsLAQ=", "last_login": "2019-07-01T07:08:08.470Z", "is_superuser": false, "username": "holoooooo", "first_name": "Jobanpreet Singh", "last_name": "Singh", "email": "holoooo@123.com", "is_staff": false, "is_active": true, "date_joined": "2019-07-01T07:07:47.848Z", "groups": [], "user_permissions": []}}, {"model": "auth.user", "pk": 26, "fields": {"password": "pbkdf2_sha256$150000$9RqHda4vRV6J$f2vyJlEL1cfq3nnINKCR1bNyaeVGrH58IzONuSs5CW4=", "last_login": "2019-07-01T07:13:15.967Z", "is_superuser": false, "username": "zokoo", "first_name": "zo", "last_name": "ko", "email": "zoko@yopmail.com", "is_staff": false, "is_active": true, "date_joined": "2019-07-01T07:13:12.110Z", "groups": [], "user_permissions": []}}, {"model": "auth.user", "pk": 27, "fields": {"password": "pbkdf2_sha256$150000$8YrCQ6DZX6hf$3H5DQKebyPv4P++4sVVF+9AgLJDVORT0MuwP57NDH1s=", "last_login": "2019-07-01T07:26:30.043Z", "is_superuser": false, "username": "adam", "first_name": "asdasd", "last_name": "Khannaadscdscds", "email": "jalaj.khanna@gmail.com", "is_staff": false, "is_active": true, "date_joined": "2019-07-01T07:26:01.151Z", "groups": [], "user_permissions": []}}, {"model": "myapp.client", "pk": 3, "fields": {"company": "", "shipping_address": "123 University Avenue", "city": "Windsor", "province": "ON", "image": "", "groups": [], "user_permissions": [], "interested_in": [1, 2, 3, 4]}}, {"model": "myapp.client", "pk": 4, "fields": {"company": "", "shipping_address": "456 Sunset Avenue", "city": "Windsor", "province": "ON", "image": "", "groups": [], "user_permissions": [], "interested_in": [1, 3]}}, {"model": "myapp.client", "pk": 5, "fields": {"company": "", "shipping_address": "789 King Street", "city": "Calgary", "province": "AB", "image": "", "groups": [], "user_permissions": [], "interested_in": [2, 3, 4]}}, {"model": "myapp.client", "pk": 6, "fields": {"company": "", "shipping_address": "456 Sunset Avenue", "city": "Montreal", "province": "QC", "image": "myapp/static/myapp/client_pic/puppy-dog_IFYMjy4.jpg", "groups": [], "user_permissions": [], "interested_in": [1, 4]}}, {"model": "myapp.client", "pk": 7, "fields": {"company": "", "shipping_address": "987 King Street", "city": "Edmonton", "province": "AB", "image": "myapp/static/myapp/client_pic/puppy-dog.jpg", "groups": [], "user_permissions": [], "interested_in": [3]}}, {"model": "myapp.client", "pk": 23, "fields": {"company": "", "shipping_address": "694 Partington Avenue", "city": "Windsor", "province": "ON", "image": "", "groups": [], "user_permissions": [], "interested_in": []}}, {"model": "myapp.client", "pk": 24, "fields": {"company": "meth", "shipping_address": null, "city": "Windsor", "province": "ON", "image": "", "groups": [], "user_permissions": [], "interested_in": []}}, {"model": "myapp.client", "pk": 25, "fields": {"company": "yolo", "shipping_address": "694 Partington Ave", "city": "Windsor", "province": "ON", "image": "", "groups": [], "user_permissions": [], "interested_in": []}}, {"model": "myapp.client", "pk": 26, "fields": {"company": "fasdas", "shipping_address": null, "city": "Windsor", "province": "QC", "image": "", "groups": [], "user_permissions": [], "interested_in": []}}, {"model": "myapp.client", "pk": 27, "fields": {"company": "", "shipping_address": "694 Partington Ave", "city": "Windsor", "province": "ON", "image": "myapp/static/myapp/client_pic/Dwayne_The_Rock_Johnson_2009_street_portrait.jpg", "groups": [], "user_permissions": [], "interested_in": []}}, {"model": "myapp.order", "pk": 1, "fields": {"product": 4, "client": 4, "num_units": 2, "order_status": 1, "status_date": "2019-05-16"}}, {"model": "myapp.order", "pk": 2, "fields": {"product": 7, "client": 3, "num_units": 1, "order_status": 1, "status_date": "2019-05-16"}}, {"model": "myapp.order", "pk": 3, "fields": {"product": 2, "client": 4, "num_units": 100, "order_status": 1, "status_date": "2019-06-07"}}, {"model": "myapp.order", "pk": 4, "fields": {"product": 8, "client": 4, "num_units": 100, "order_status": 1, "status_date": "2019-06-07"}}, {"model": "myapp.order", "pk": 5, "fields": {"product": 8, "client": 4, "num_units": 100, "order_status": 1, "status_date": "2019-06-07"}}, {"model": "myapp.order", "pk": 6, "fields": {"product": 8, "client": 4, "num_units": 101, "order_status": 1, "status_date": "2019-06-07"}}, {"model": "myapp.order", "pk": 7, "fields": {"product": 8, "client": 4, "num_units": 102, "order_status": 1, "status_date": "2019-06-07"}}, {"model": "myapp.order", "pk": 8, "fields": {"product": 1, "client": 4, "num_units": 50, "order_status": 1, "status_date": "2019-06-07"}}, {"model": "myapp.order", "pk": 9, "fields": {"product": 15, "client": 3, "num_units": 50, "order_status": 1, "status_date": "2019-06-07"}}, {"model": "myapp.order", "pk": 10, "fields": {"product": 15, "client": 5, "num_units": 100, "order_status": 1, "status_date": "2019-06-07"}}, {"model": "myapp.order", "pk": 11, "fields": {"product": 15, "client": 7, "num_units": 59, "order_status": 1, "status_date": "2019-06-07"}}, {"model": "myapp.order", "pk": 12, "fields": {"product": 15, "client": 7, "num_units": 59, "order_status": 1, "status_date": "2019-06-07"}}, {"model": "myapp.order", "pk": 13, "fields": {"product": 15, "client": 5, "num_units": 50, "order_status": 1, "status_date": "2019-06-07"}}, {"model": "myapp.order", "pk": 14, "fields": {"product": 15, "client": 6, "num_units": 40, "order_status": 1, "status_date": "2019-06-07"}}, {"model": "myapp.order", "pk": 15, "fields": {"product": 15, "client": 3, "num_units": 30, "order_status": 1, "status_date": "2019-06-07"}}, {"model": "myapp.order", "pk": 16, "fields": {"product": 15, "client": 3, "num_units": 33, "order_status": 1, "status_date": "2019-06-07"}}, {"model": "myapp.order", "pk": 17, "fields": {"product": 1, "client": 4, "num_units": 30, "order_status": 1, "status_date": "2019-06-07"}}, {"model": "myapp.order", "pk": 18, "fields": {"product": 1, "client": 3, "num_units": 22, "order_status": 1, "status_date": "2019-06-07"}}, {"model": "myapp.order", "pk": 19, "fields": {"product": 1, "client": 3, "num_units": 30, "order_status": 1, "status_date": "2019-06-07"}}, {"model": "myapp.order", "pk": 20, "fields": {"product": 1, "client": 3, "num_units": 3, "order_status": 1, "status_date": "2019-06-08"}}, {"model": "myapp.order", "pk": 21, "fields": {"product": 1, "client": 4, "num_units": 33, "order_status": 1, "status_date": "2019-06-08"}}, {"model": "myapp.order", "pk": 22, "fields": {"product": 1, "client": 6, "num_units": 25, "order_status": 1, "status_date": "2019-06-08"}}, {"model": "myapp.order", "pk": 23, "fields": {"product": 1, "client": 6, "num_units": 25, "order_status": 1, "status_date": "2019-06-08"}}, {"model": "myapp.order", "pk": 24, "fields": {"product": 1, "client": 6, "num_units": 25, "order_status": 1, "status_date": "2019-06-08"}}, {"model": "myapp.order", "pk": 25, "fields": {"product": 1, "client": 4, "num_units": 22, "order_status": 1, "status_date": "2019-06-08"}}, {"model": "myapp.order", "pk": 26, "fields": {"product": 1, "client": 4, "num_units": 22, "order_status": 1, "status_date": "2019-06-08"}}, {"model": "myapp.order", "pk": 27, "fields": {"product": 1, "client": 3, "num_units": 50, "order_status": 1, "status_date": "2019-06-08"}}, {"model": "myapp.order", "pk": 28, "fields": {"product": 1, "client": 3, "num_units": 50, "order_status": 1, "status_date": "2019-06-08"}}, {"model": "myapp.order", "pk": 29, "fields": {"product": 1, "client": 3, "num_units": 22, "order_status": 1, "status_date": "2019-06-09"}}, {"model": "myapp.order", "pk": 30, "fields": {"product": 1, "client": 3, "num_units": 22, "order_status": 1, "status_date": "2019-06-09"}}, {"model": "myapp.order", "pk": 31, "fields": {"product": 1, "client": 3, "num_units": 22, "order_status": 1, "status_date": "2019-06-09"}}, {"model": "myapp.order", "pk": 32, "fields": {"product": 1, "client": 3, "num_units": 22, "order_status": 1, "status_date": "2019-06-09"}}, {"model": "myapp.order", "pk": 33, "fields": {"product": 1, "client": 3, "num_units": 22, "order_status": 1, "status_date": "2019-06-09"}}, {"model": "myapp.order", "pk": 34, "fields": {"product": 1, "client": 3, "num_units": 22, "order_status": 1, "status_date": "2019-06-09"}}, {"model": "myapp.order", "pk": 35, "fields": {"product": 1, "client": 3, "num_units": 22, "order_status": 1, "status_date": "2019-06-09"}}, {"model": "myapp.order", "pk": 36, "fields": {"product": 1, "client": 3, "num_units": 22, "order_status": 1, "status_date": "2019-06-09"}}, {"model": "myapp.order", "pk": 37, "fields": {"product": 1, "client": 3, "num_units": 22, "order_status": 1, "status_date": "2019-06-09"}}, {"model": "myapp.order", "pk": 38, "fields": {"product": 1, "client": 3, "num_units": 22, "order_status": 1, "status_date": "2019-06-09"}}, {"model": "myapp.order", "pk": 39, "fields": {"product": 1, "client": 3, "num_units": 22, "order_status": 1, "status_date": "2019-06-09"}}, {"model": "myapp.order", "pk": 40, "fields": {"product": 1, "client": 3, "num_units": 22, "order_status": 1, "status_date": "2019-06-09"}}, {"model": "myapp.order", "pk": 41, "fields": {"product": 1, "client": 3, "num_units": 22, "order_status": 1, "status_date": "2019-06-09"}}, {"model": "myapp.order", "pk": 42, "fields": {"product": 1, "client": 3, "num_units": 22, "order_status": 1, "status_date": "2019-06-09"}}, {"model": "myapp.order", "pk": 43, "fields": {"product": 1, "client": 3, "num_units": 22, "order_status": 1, "status_date": "2019-06-09"}}, {"model": "myapp.order", "pk": 44, "fields": {"product": 1, "client": 3, "num_units": 22, "order_status": 1, "status_date": "2019-06-09"}}, {"model": "myapp.order", "pk": 45, "fields": {"product": 1, "client": 3, "num_units": 22, "order_status": 1, "status_date": "2019-06-09"}}, {"model": "myapp.order", "pk": 46, "fields": {"product": 1, "client": 3, "num_units": 22, "order_status": 1, "status_date": "2019-06-09"}}, {"model": "myapp.order", "pk": 47, "fields": {"product": 1, "client": 3, "num_units": 22, "order_status": 1, "status_date": "2019-06-09"}}, {"model": "myapp.order", "pk": 48, "fields": {"product": 1, "client": 3, "num_units": 12, "order_status": 1, "status_date": "2019-06-09"}}, {"model": "myapp.order", "pk": 49, "fields": {"product": 1, "client": 3, "num_units": 12, "order_status": 1, "status_date": "2019-06-09"}}, {"model": "myapp.order", "pk": 50, "fields": {"product": 1, "client": 3, "num_units": 10, "order_status": 1, "status_date": "2019-06-09"}}, {"model": "myapp.order", "pk": 51, "fields": {"product": 16, "client": 3, "num_units": 44, "order_status": 1, "status_date": "2019-06-09"}}, {"model": "myapp.order", "pk": 52, "fields": {"product": 4, "client": 6, "num_units": 100, "order_status": 1, "status_date": "2019-06-09"}}, {"model": "myapp.order", "pk": 53, "fields": {"product": 2, "client": 3, "num_units": 98, "order_status": 1, "status_date": "2019-06-09"}}, {"model": "myapp.order", "pk": 54, "fields": {"product": 1, "client": 3, "num_units": 2, "order_status": 1, "status_date": "2019-07-01"}}, {"model": "myapp.order", "pk": 55, "fields": {"product": 13, "client": 23, "num_units": 2, "order_status": 1, "status_date": "2019-07-01"}}, {"model": "admin.logentry", "pk": 1, "fields": {"action_time": "2019-05-16T20:38:56.605Z", "user": 2, "content_type": 8, "object_id": "1", "object_repr": "Category object (1)", "action_flag": 1, "change_message": "[{\"added\": {}}]"}}, {"model": "admin.logentry", "pk": 2, "fields": {"action_time": "2019-05-16T20:39:04.144Z", "user": 2, "content_type": 8, "object_id": "2", "object_repr": "Category object (2)", "action_flag": 1, "change_message": "[{\"added\": {}}]"}}, {"model": "admin.logentry", "pk": 3, "fields": {"action_time": "2019-05-16T20:39:17.634Z", "user": 2, "content_type": 8, "object_id": "3", "object_repr": "Category object (3)", "action_flag": 1, "change_message": "[{\"added\": {}}]"}}, {"model": "admin.logentry", "pk": 4, "fields": {"action_time": "2019-05-16T20:39:34.297Z", "user": 2, "content_type": 8, "object_id": "4", "object_repr": "Category object (4)", "action_flag": 1, "change_message": "[{\"added\": {}}]"}}, {"model": "admin.logentry", "pk": 5, "fields": {"action_time": "2019-05-16T20:39:51.121Z", "user": 2, "content_type": 8, "object_id": "5", "object_repr": "Category object (5)", "action_flag": 1, "change_message": "[{\"added\": {}}]"}}, {"model": "admin.logentry", "pk": 6, "fields": {"action_time": "2019-05-16T20:43:52.567Z", "user": 2, "content_type": 9, "object_id": "3", "object_repr": "john", "action_flag": 1, "change_message": "[{\"added\": {}}]"}}, {"model": "admin.logentry", "pk": 7, "fields": {"action_time": "2019-05-16T20:45:08.577Z", "user": 2, "content_type": 9, "object_id": "4", "object_repr": "mary", "action_flag": 1, "change_message": "[{\"added\": {}}]"}}, {"model": "admin.logentry", "pk": 8, "fields": {"action_time": "2019-05-16T20:46:27.870Z", "user": 2, "content_type": 9, "object_id": "5", "object_repr": "alan", "action_flag": 1, "change_message": "[{\"added\": {}}]"}}, {"model": "admin.logentry", "pk": 9, "fields": {"action_time": "2019-05-16T20:47:52.236Z", "user": 2, "content_type": 9, "object_id": "6", "object_repr": "josh", "action_flag": 1, "change_message": "[{\"added\": {}}]"}}, {"model": "admin.logentry", "pk": 10, "fields": {"action_time": "2019-05-16T20:49:15.912Z", "user": 2, "content_type": 9, "object_id": "7", "object_repr": "bill", "action_flag": 1, "change_message": "[{\"added\": {}}]"}}, {"model": "admin.logentry", "pk": 11, "fields": {"action_time": "2019-05-16T20:51:05.952Z", "user": 2, "content_type": 7, "object_id": "1", "object_repr": "Product object (1)", "action_flag": 1, "change_message": "[{\"added\": {}}]"}}, {"model": "admin.logentry", "pk": 12, "fields": {"action_time": "2019-05-16T20:51:19.090Z", "user": 2, "content_type": 7, "object_id": "2", "object_repr": "Product object (2)", "action_flag": 1, "change_message": "[{\"added\": {}}]"}}, {"model": "admin.logentry", "pk": 13, "fields": {"action_time": "2019-05-16T20:51:51.296Z", "user": 2, "content_type": 7, "object_id": "3", "object_repr": "Product object (3)", "action_flag": 1, "change_message": "[{\"added\": {}}]"}}, {"model": "admin.logentry", "pk": 14, "fields": {"action_time": "2019-05-16T20:52:10.803Z", "user": 2, "content_type": 7, "object_id": "4", "object_repr": "Product object (4)", "action_flag": 1, "change_message": "[{\"added\": {}}]"}}, {"model": "admin.logentry", "pk": 15, "fields": {"action_time": "2019-05-16T20:52:38.033Z", "user": 2, "content_type": 7, "object_id": "5", "object_repr": "Product object (5)", "action_flag": 1, "change_message": "[{\"added\": {}}]"}}, {"model": "admin.logentry", "pk": 16, "fields": {"action_time": "2019-05-16T20:53:05.583Z", "user": 2, "content_type": 7, "object_id": "6", "object_repr": "Product object (6)", "action_flag": 1, "change_message": "[{\"added\": {}}]"}}, {"model": "admin.logentry", "pk": 17, "fields": {"action_time": "2019-05-16T20:53:27.590Z", "user": 2, "content_type": 7, "object_id": "7", "object_repr": "Product object (7)", "action_flag": 1, "change_message": "[{\"added\": {}}]"}}, {"model": "admin.logentry", "pk": 18, "fields": {"action_time": "2019-05-16T20:55:30.646Z", "user": 2, "content_type": 7, "object_id": "8", "object_repr": "Product object (8)", "action_flag": 1, "change_message": "[{\"added\": {}}]"}}, {"model": "admin.logentry", "pk": 19, "fields": {"action_time": "2019-05-16T20:55:49.888Z", "user": 2, "content_type": 7, "object_id": "9", "object_repr": "Product object (9)", "action_flag": 1, "change_message": "[{\"added\": {}}]"}}, {"model": "admin.logentry", "pk": 20, "fields": {"action_time": "2019-05-16T20:56:18.176Z", "user": 2, "content_type": 7, "object_id": "10", "object_repr": "Product object (10)", "action_flag": 1, "change_message": "[{\"added\": {}}]"}}, {"model": "admin.logentry", "pk": 21, "fields": {"action_time": "2019-05-16T20:56:41.903Z", "user": 2, "content_type": 7, "object_id": "11", "object_repr": "Product object (11)", "action_flag": 1, "change_message": "[{\"added\": {}}]"}}, {"model": "admin.logentry", "pk": 22, "fields": {"action_time": "2019-05-16T20:57:12.066Z", "user": 2, "content_type": 7, "object_id": "11", "object_repr": "Product object (11)", "action_flag": 2, "change_message": "[{\"changed\": {\"fields\": [\"category\"]}}]"}}, {"model": "admin.logentry", "pk": 23, "fields": {"action_time": "2019-05-16T20:57:18.726Z", "user": 2, "content_type": 7, "object_id": "11", "object_repr": "Product object (11)", "action_flag": 2, "change_message": "[]"}}, {"model": "admin.logentry", "pk": 24, "fields": {"action_time": "2019-05-16T20:57:41.832Z", "user": 2, "content_type": 7, "object_id": "10", "object_repr": "Product object (10)", "action_flag": 2, "change_message": "[{\"changed\": {\"fields\": [\"category\"]}}]"}}, {"model": "admin.logentry", "pk": 25, "fields": {"action_time": "2019-05-16T20:57:50.992Z", "user": 2, "content_type": 7, "object_id": "9", "object_repr": "Product object (9)", "action_flag": 2, "change_message": "[{\"changed\": {\"fields\": [\"category\"]}}]"}}, {"model": "admin.logentry", "pk": 26, "fields": {"action_time": "2019-05-16T20:57:56.994Z", "user": 2, "content_type": 7, "object_id": "8", "object_repr": "Product object (8)", "action_flag": 2, "change_message": "[{\"changed\": {\"fields\": [\"category\"]}}]"}}, {"model": "admin.logentry", "pk": 27, "fields": {"action_time": "2019-05-16T20:58:22.884Z", "user": 2, "content_type": 7, "object_id": "12", "object_repr": "Product object (12)", "action_flag": 1, "change_message": "[{\"added\": {}}]"}}, {"model": "admin.logentry", "pk": 28, "fields": {"action_time": "2019-05-16T20:58:42.067Z", "user": 2, "content_type": 7, "object_id": "13", "object_repr": "Product object (13)", "action_flag": 1, "change_message": "[{\"added\": {}}]"}}, {"model": "admin.logentry", "pk": 29, "fields": {"action_time": "2019-05-16T20:59:01.983Z", "user": 2, "content_type": 7, "object_id": "14", "object_repr": "Product object (14)", "action_flag": 1, "change_message": "[{\"added\": {}}]"}}, {"model": "admin.logentry", "pk": 30, "fields": {"action_time": "2019-05-16T20:59:10.110Z", "user": 2, "content_type": 7, "object_id": "10", "object_repr": "Product object (10)", "action_flag": 2, "change_message": "[]"}}, {"model": "admin.logentry", "pk": 31, "fields": {"action_time": "2019-05-16T21:03:16.184Z", "user": 2, "content_type": 10, "object_id": "1", "object_repr": "Order object (1)", "action_flag": 1, "change_message": "[{\"added\": {}}]"}}, {"model": "admin.logentry", "pk": 32, "fields": {"action_time": "2019-05-16T21:03:44.217Z", "user": 2, "content_type": 10, "object_id": "2", "object_repr": "Order object (2)", "action_flag": 1, "change_message": "[{\"added\": {}}]"}}, {"model": "admin.logentry", "pk": 33, "fields": {"action_time": "2019-05-25T07:08:49.527Z", "user": 2, "content_type": 7, "object_id": "15", "object_repr": "Tiles", "action_flag": 1, "change_message": "[{\"added\": {}}]"}}, {"model": "admin.logentry", "pk": 34, "fields": {"action_time": "2019-05-25T07:09:20.157Z", "user": 2, "content_type": 7, "object_id": "16", "object_repr": "Carpet", "action_flag": 1, "change_message": "[{\"added\": {}}]"}}, {"model": "admin.logentry", "pk": 35, "fields": {"action_time": "2019-06-18T19:37:13.056Z", "user": 2, "content_type": 2, "object_id": "7", "object_repr": "bill", "action_flag": 2, "change_message": "[]"}}, {"model": "admin.logentry", "pk": 36, "fields": {"action_time": "2019-06-18T19:37:34.414Z", "user": 2, "content_type": 2, "object_id": "7", "object_repr": "bill", "action_flag": 2, "change_message": "[{\"changed\": {\"fields\": [\"password\"]}}]"}}, {"model": "admin.logentry", "pk": 37, "fields": {"action_time": "2019-06-22T07:13:46.332Z", "user": 2, "content_type": 9, "object_id": "7", "object_repr": "Bill Wang", "action_flag": 2, "change_message": "[{\"changed\": {\"fields\": [\"image\"]}}]"}}, {"model": "admin.logentry", "pk": 38, "fields": {"action_time": "2019-06-22T07:17:43.626Z", "user": 2, "content_type": 9, "object_id": "7", "object_repr": "Bill Wang", "action_flag": 2, "change_message": "[{\"changed\": {\"fields\": [\"image\"]}}]"}}, {"model": "admin.logentry", "pk": 39, "fields": {"action_time": "2019-06-22T07:18:01.355Z", "user": 2, "content_type": 9, "object_id": "7", "object_repr": "Bill Wang", "action_flag": 2, "change_message": "[{\"changed\": {\"fields\": [\"image\"]}}]"}}, {"model": "admin.logentry", "pk": 40, "fields": {"action_time": "2019-06-22T07:19:20.891Z", "user": 2, "content_type": 9, "object_id": "7", "object_repr": "Bill Wang", "action_flag": 2, "change_message": "[{\"changed\": {\"fields\": [\"image\"]}}]"}}, {"model": "admin.logentry", "pk": 41, "fields": {"action_time": "2019-06-22T07:24:55.758Z", "user": 2, "content_type": 9, "object_id": "6", "object_repr": "Josh Jones", "action_flag": 2, "change_message": "[{\"changed\": {\"fields\": [\"image\"]}}]"}}, {"model": "admin.logentry", "pk": 42, "fields": {"action_time": "2019-06-22T07:31:34.460Z", "user": 2, "content_type": 9, "object_id": "7", "object_repr": "Bill Wang", "action_flag": 2, "change_message": "[{\"changed\": {\"fields\": [\"image\"]}}]"}}, {"model": "admin.logentry", "pk": 43, "fields": {"action_time": "2019-06-22T07:39:07.603Z", "user": 2, "content_type": 9, "object_id": "7", "object_repr": "Bill Wang", "action_flag": 2, "change_message": "[{\"changed\": {\"fields\": [\"image\"]}}]"}}, {"model": "admin.logentry", "pk": 44, "fields": {"action_time": "2019-06-22T07:39:20.069Z", "user": 2, "content_type": 9, "object_id": "7", "object_repr": "Bill Wang", "action_flag": 2, "change_message": "[{\"changed\": {\"fields\": [\"image\"]}}]"}}, {"model": "admin.logentry", "pk": 45, "fields": {"action_time": "2019-06-22T07:45:18.181Z", "user": 2, "content_type": 9, "object_id": "7", "object_repr": "Bill Wang", "action_flag": 2, "change_message": "[{\"changed\": {\"fields\": [\"image\"]}}]"}}, {"model": "admin.logentry", "pk": 46, "fields": {"action_time": "2019-06-22T07:45:24.764Z", "user": 2, "content_type": 9, "object_id": "6", "object_repr": "Josh Jones", "action_flag": 2, "change_message": "[{\"changed\": {\"fields\": [\"image\"]}}]"}}, {"model": "admin.logentry", "pk": 47, "fields": {"action_time": "2019-06-22T07:45:35.988Z", "user": 2, "content_type": 9, "object_id": "6", "object_repr": "Josh Jones", "action_flag": 2, "change_message": "[]"}}, {"model": "admin.logentry", "pk": 48, "fields": {"action_time": "2019-06-22T07:45:46.673Z", "user": 2, "content_type": 9, "object_id": "6", "object_repr": "Josh Jones", "action_flag": 2, "change_message": "[{\"changed\": {\"fields\": [\"image\"]}}]"}}, {"model": "admin.logentry", "pk": 49, "fields": {"action_time": "2019-06-22T07:51:28.501Z", "user": 2, "content_type": 9, "object_id": "6", "object_repr": "Josh Jones", "action_flag": 2, "change_message": "[{\"changed\": {\"fields\": [\"image\"]}}]"}}, {"model": "admin.logentry", "pk": 50, "fields": {"action_time": "2019-06-22T07:51:40.741Z", "user": 2, "content_type": 9, "object_id": "7", "object_repr": "Bill Wang", "action_flag": 2, "change_message": "[{\"changed\": {\"fields\": [\"image\"]}}]"}}, {"model": "admin.logentry", "pk": 51, "fields": {"action_time": "2019-06-22T07:53:09.059Z", "user": 2, "content_type": 9, "object_id": "7", "object_repr": "Bill Wang", "action_flag": 2, "change_message": "[{\"changed\": {\"fields\": [\"image\"]}}]"}}, {"model": "admin.logentry", "pk": 52, "fields": {"action_time": "2019-06-22T07:53:20.261Z", "user": 2, "content_type": 9, "object_id": "7", "object_repr": "Bill Wang", "action_flag": 2, "change_message": "[{\"changed\": {\"fields\": [\"image\"]}}]"}}, {"model": "admin.logentry", "pk": 53, "fields": {"action_time": "2019-06-22T07:54:20.706Z", "user": 2, "content_type": 9, "object_id": "6", "object_repr": "Josh Jones", "action_flag": 2, "change_message": "[{\"changed\": {\"fields\": [\"image\"]}}]"}}]